Pořadí;Odkaz na isvavai.cz;Kód výsledku;Dodavatel;Název v původním jazyce;Název v českém jazyce;Název v anglickém jazyce;Druh;Poddruh;Poddruh (alt);Jazyk;Obor - skupina;Obor;Vědní obor;Stav uplatnění výsledku;Rok uplatnění;Kód důvěrnosti;Počet výskytů výsledku;Počet tvůrců celkem;Počet domácích tvůrců;Seznam tvůrců;Popis výsledku v pův. jazyce;Popis výsledku anglicky;Klíčová slova;URL s plným textem výsledku;Odkaz na údaje z výzkumu;DOI výsledku;ID předkladatele;Předkladatel;Kategorie;Právní forma;Ičo;Název organizace;Ulice sídla;Město sídla;PSČ sídla;Země sídla;Region sídla;Kraj sídla;Okres sídla;Kód předkladatele OJ;Předkladatel OJ;Označení dodávky dat;Datum poslední dodávky;Specifikace;Kontrolní číslo;Název periodika / sborníku;ISBN;ISSN;e-ISSN;Svazek periodika;Číslo periodika v rámci uvedeného svazku;Název nakladatele resp. objednatele;Místo vydání;Stát vydavatele periodika;Počet stran knihy;Počet stran výsledku;Strana od-do;Kód UT WoS článku podle Web of Science;EID výsledku v databázi Scopus;Způsob publikování výsledku;Předpoklad zveřejnění textu výsledku;Místo konání akce;Datum konání nebo zahájení akce;Datum ukončení akce;Celkový počet účastníků;Počet zahraničních účastníků;Typ akce podle státní příslušnosti účastníků;Stát konání akce;Název vlastníka;Druh možnosti využití;Interní identifikační kód produktu přidělený tvůrcem;Technické parametry;Ekonomické parametry;IČ vlastníka výsledku;Požadavek na licenční poplatek;Seznam návazností na VA **;Období hodnocení;Finální známka
1;https://www.isvavai.cz/riv?s=jednoduche-vyhledavani&ss=detail&h=RIV%2F67985963%3A_____%2F19%3A00509492%21RIV20-MSM-67985963;RIV/67985963:_____/19:00509492;MSM;22. kolokvium českých, moravských a slovenských bibliografů;22. kolokvium českých, moravských a slovenských bibliografů;22nd colloquium of Czech, Moravian and Slovak bibliographers;M;;;cze;-;-;60101;U;2019;S;1;4;4;Horčáková, Václava:Hanelová, Věra:Marková, Markéta:Rexová, Kristina;22. kolokvium českých, moravských a slovenských bibliografů. Dějiny regionů v měnícím se světě (krajina, místa, osobnosti), bylo zaměřeno na historickou krajinu v regionální literatuře, regionální bibliografii k dějinám měst a městeček, regionální kroniky a kronikáře, české a slovenské bibliografy a cestování a cestovatele.;22nd colloquium of Czech, Moravian and Slovak bibliographers. The history of regions in a changing world (landscape, places, personalities), focused on historical landscape in regional literature, regional bibliography on the history of cities and towns, regional chronicles and chroniclers, Czech and Slovak bibliographers and travel and travelers.;conference:bibliography:libraries:traveling;;;;ico:67985963;Historický ústav AV ČR, v. v. i.;I;VVI;67985963;Historický ústav AV ČR, v. v. i.;Prosecká 809;Praha;19000;CZ;CZ01;CZ010;CZ0100;;;RIV20-MSM-67985963/01:1;2020-05-04;RIV/67985963:_____/19:00509492!RIV20-MSM-67985963;192157349;;;;;;;;;;;;;;;;;Praha;2019-10-06;2019-10-08;56;21;EUR;CZ;;;;;;;;P (LM2018101);;
2;https://www.isvavai.cz/riv?s=jednoduche-vyhledavani&ss=detail&h=RIV%2F00216208%3A11320%2F19%3A10405546%21RIV20-MSM-11320___;RIV/00216208:11320/19:10405546;MSM;A Multilingual Crossover between Types of Resources;;A Multilingual Crossover between Types of Resources;O;;;eng;-;-;10201;U;2019;S;2;3;3;Hajič, Jan:Hajičová, Eva:Urešová, Zdeňka;We present two case studies that demonstrate that co-habitation of various (sub)disciplines of Computational Linguistics and Natural Language Pro-cessing can reach novel findings and help the advancement of the field(s). One example covers a study of synonymy by searching for information in different lexical resources with regard to multilinguality, and the other demonstrates on the study of some phenomena concerning information structure and word order in English and Czech how a parallel multilingual and/or multilayered corpus if properly annotated can be used for a study of some aspects of the deep syntactic structure. Both cases support our convic-tion that the creation of language resources is a fundamental step in the do-main of computational linguistics, that well-founded annotation is an im-portant step forward towards both testing the original linguistic theory and developing it further.;We present two case studies that demonstrate that co-habitation of various (sub)disciplines of Computational Linguistics and Natural Language Pro-cessing can reach novel findings and help the advancement of the field(s). One example covers a study of synonymy by searching for information in different lexical resources with regard to multilinguality, and the other demonstrates on the study of some phenomena concerning information structure and word order in English and Czech how a parallel multilingual and/or multilayered corpus if properly annotated can be used for a study of some aspects of the deep syntactic structure. Both cases support our convic-tion that the creation of language resources is a fundamental step in the do-main of computational linguistics, that well-founded annotation is an im-portant step forward towards both testing the original linguistic theory and developing it further.;resources:types:between:crossover:multilingual;;;;orjk:11320;Univerzita Karlova / Matematicko-fyzikální fakulta;J;VVS;00216208;Univerzita Karlova;Ovocný trh 560;Praha;11000;CZ;CZ01;CZ010;CZ0100;11320;Matematicko-fyzikální fakulta;RIV20-MSM-11320___/01:1;2020-05-27;RIV/00216208:11320/19:10405546!RIV20-MSM-11320___;192224899;;;;;;;;;;;;;;;;;;;;;;;;;;;;;;;I, P (LM2018101);;
3;https://www.isvavai.cz/riv?s=jednoduche-vyhledavani&ss=detail&h=RIV%2F00216208%3A11320%2F19%3A10405567%21RIV20-MSM-11320___;RIV/00216208:11320/19:10405567;MSM;A Plea for Information Structure as a Part of Meaning Representation;;A Plea for Information Structure as a Part of Meaning Representation;D;;;eng;-;-;10201;U;2019;S;1;1;1;Hajičová, Eva;Arguments are presented why the information structure of the sentence should be represented in the representation of the meaning. This claim is supported i.a. by the fact that information structure is semantically relevant and is important for the interpretation of negation, presupposition and discourse connectedness.;Arguments are presented why the information structure of the sentence should be represented in the representation of the meaning. This claim is supported i.a. by the fact that information structure is semantically relevant and is important for the interpretation of negation, presupposition and discourse connectedness.;representation:meaning:part:structure:information:plea;https://www.aclweb.org/anthology/W19-3307.pdf;;;orjk:11320;Univerzita Karlova / Matematicko-fyzikální fakulta;J;VVS;00216208;Univerzita Karlova;Ovocný trh 560;Praha;11000;CZ;CZ01;CZ010;CZ0100;11320;Matematicko-fyzikální fakulta;RIV20-MSM-11320___/01:1;2020-05-27;RIV/00216208:11320/19:10405567!RIV20-MSM-11320___;192224915;Proceedings of the Workshop on Designing Meaning Representations;978-1-950737-45-1;;;;;The Association for Computational Linguistics;Stroudsburg, PA 18360, USA;;;7;66-72;;;;;Firenze, Italy;2019-08-01;;;;WRD;;;;;;;;;I, P (LM2018101);;
4;https://www.isvavai.cz/riv?s=jednoduche-vyhledavani&ss=detail&h=RIV%2F00216208%3A11320%2F19%3A10405529%21RIV20-MSM-11320___;RIV/00216208:11320/19:10405529;MSM;Anaphoric Connectives and Long-Distance Discourse Relations in Czech;;Anaphoric Connectives and Long-Distance Discourse Relations in Czech;J;J/A;Jimp;eng;-;-;10201;U;2019;S;2;2;2;Poláková, Lucie:Mírovský, Jiří;The paper is a linguistic as well as technical survey for the development of a shallow discourse parser for Czech. It focuses on long-distance discourse relations signalled by (mostly) anaphoric discourse connectives. Proceeding from the division of connectives on &quot,structural&quot, and &quot,anaphoric&quot, according to their (in)ability to accept distant (non-adjacent) text segments as their left-sided arguments, and taking into account results of related analyses on English data in the framework of the Penn Discourse Treebank, we analyze a large amount of language data in Czech. We benefit from the multilayer manual annotation of various language aspects from morphology to discourse, coreference and bridging relations in the Prague Dependency Treebank 3.0. We describe the linguistic parameters of long-distance discourse relations in Czechin connection with their anchoring connective, and suggest possible ways of their detection. Our empirical research also outlines some theoretical consequences for the underlying;The paper is a linguistic as well as technical survey for the development of a shallow discourse parser for Czech. It focuses on long-distance discourse relations signalled by (mostly) anaphoric discourse connectives. Proceeding from the division of connectives on &quot,structural&quot, and &quot,anaphoric&quot, according to their (in)ability to accept distant (non-adjacent) text segments as their left-sided arguments, and taking into account results of related analyses on English data in the framework of the Penn Discourse Treebank, we analyze a large amount of language data in Czech. We benefit from the multilayer manual annotation of various language aspects from morphology to discourse, coreference and bridging relations in the Prague Dependency Treebank 3.0. We describe the linguistic parameters of long-distance discourse relations in Czechin connection with their anchoring connective, and suggest possible ways of their detection. Our empirical research also outlines some theoretical consequences for the underlying;czech:relations:discourse:distance:long:connectives:anaphoric;https://verso.is.cuni.cz/pub/verso.fpl?fname=obd_publikace_handle&handle=aE61NhnBOf;;10.13053/CyS-23-3-3274;orjk:11320;Univerzita Karlova / Matematicko-fyzikální fakulta;J;VVS;00216208;Univerzita Karlova;Ovocný trh 560;Praha;11000;CZ;CZ01;CZ010;CZ0100;11320;Matematicko-fyzikální fakulta;RIV20-MSM-11320___/01:1;2020-05-27;RIV/00216208:11320/19:10405529!RIV20-MSM-11320___;192224886;Computacion y Sistemas;;1405-5546;;23;3;Computacion y Sistemas;;MX;;7;711-717;000489136900009;2-s2.0-85076630496;A;;;;;;;;;;;;;;;;I, P (LM2018101);;
5;https://www.isvavai.cz/riv?s=jednoduche-vyhledavani&ss=detail&h=RIV%2F67985963%3A_____%2F19%3A00511590%21RIV20-MSM-67985963;RIV/67985963:_____/19:00511590;MSM;Bibliografie prací Ivana Šedivého. In: Souboj mečů, idejí a charakterů, K životnímu jubileu prof. Ivana Šedivého. Čechurová, J., Žemlička J. (eds). Praha: NLN, 2019, s. 386-407. ISBN 978-80-7422-725-7.;Bibliografie prací Ivana Šedivého. In: Souboj mečů, idejí a charakterů, K životnímu jubileu prof. Ivana Šedivého. Čechurová, J., Žemlička J. (eds). Praha: NLN, 2019, s. 386-407. ISBN 978-80-7422-725-7.;Bibliography of works by Ivan Šedivý. In: Souboj mečů, idejí a charakterů, K životnímu jubileu prof. Ivana Šedivého. Čechurová, J., Žemlička J. (eds). Praha: NLN, 2019,  s. 386-407. ISBN 978-80-7422-725-7.;O;;;cze;-;-;60101;U;2019;S;2;1;1;Horčáková, Václava;Podrobný bibliografický soupis celoživotního díla českého historika zaměřeného na dějiny vojenství Ivana Šedivého (knihy, články recenze a zprávy z vědeckého života) zachycuje literaturu vydanou do roku 2018.;A detailed bibliographic inventory of Ivan Šedivý's lifelong work of the Czech historian focused on the history of the military (books, review articles, and scientific life reports) captures literature published until 2018.;Ivan Šedivý:Czech historians:Bibliography;;;;ico:67985963;Historický ústav AV ČR, v. v. i.;I;VVI;67985963;Historický ústav AV ČR, v. v. i.;Prosecká 809;Praha;19000;CZ;CZ01;CZ010;CZ0100;;;RIV20-MSM-67985963/01:1;2020-05-04;RIV/67985963:_____/19:00511590!RIV20-MSM-67985963;192157355;;;;;;;;;;;;;;;;;;;;;;;;;;;;;;;I, P (LM2018101);;
6;https://www.isvavai.cz/riv?s=jednoduche-vyhledavani&ss=detail&h=RIV%2F67985963%3A_____%2F19%3A00511408%21RIV20-MSM-67985963;RIV/67985963:_____/19:00511408;MSM;Bibliografie prací Jana Klápště. In: Jan Klápště: Vnímavý pozorovatel. Výbor z díla. Luňáková, L., Wihoda, M., Žemlička, J. (eds.). Praha, NLN, s. 291-310. ISBN 978-80-7422-673-1;Bibliografie prací Jana Klápště. In: Jan Klápště: Vnímavý pozorovatel. Výbor z díla. Luňáková, L., Wihoda, M., Žemlička, J. (eds.). Praha, NLN, s. 291-310. ISBN 978-80-7422-673-1;Bibliography of works by Jan Klápště. In: Jan Klápště: Vnímavý pozorovatel. Výbor z díla. Luňáková, L., Wihoda, M., Žemlička, J. (eds.). Praha, NLN, s. 291-310. ISBN 978-80-7422-673-1;O;;;cze;-;-;60101;U;2019;S;2;1;1;Marková, Markéta;Příspěvek obsahuje soupis prací archeologa Jana Klápště od roku 1973 do roku 2017.;The paper contains a list of works by archaeologist Jan Klápště from 1973 to 2017.;bibliography:archaeology:historiography;;;;ico:67985963;Historický ústav AV ČR, v. v. i.;I;VVI;67985963;Historický ústav AV ČR, v. v. i.;Prosecká 809;Praha;19000;CZ;CZ01;CZ010;CZ0100;;;RIV20-MSM-67985963/01:1;2020-05-04;RIV/67985963:_____/19:00511408!RIV20-MSM-67985963;192157354;;;;;;;;;;;;;;;;;;;;;;;;;;;;;;;I, P (LM2018101);;
7;https://www.isvavai.cz/riv?s=jednoduche-vyhledavani&ss=detail&h=RIV%2F00216208%3A11320%2F19%3A10405566%21RIV20-MSM-11320___;RIV/00216208:11320/19:10405566;MSM;Building a Morphological Network for Persian on Top of a Morpheme-Segmented Lexicon;;Building a Morphological Network for Persian on Top of a Morpheme-Segmented Lexicon;D;;;eng;-;-;10201;U;2019;S;2;4;2;Haghdoost, Hamid:Ansari, Ebrahim:Žabokrtský, Zdeněk:Nikravesh, Mahshid;In this work, we introduce a new large hand-annotated morpheme-segmentation lexicon of Persian words and present an algorithm that builds a morphological network using this segmented lexicon. The resulting network captures both derivational and inflectional relations. The algorithm for inducing the network approximates the distinction between root morphemes and affixes using the number of morpheme occurrences in the lexicon. We evaluate the quality (in the sense of linguistic correctness) of the resulting network empirically and compare it to the quality of a network generated in a setup based on manually distinguished non-root morphemes. In the second phase of this work, we evaluated various strategies to add new words (unprocessed in the segmented lexicon) into an existing morphological network automatically. For this purpose, we created primary morphological networks based on two initial data: a manually segmented lexicon and an automatically segmented lexicon created by unsupervised MORFESSOR. The;In this work, we introduce a new large hand-annotated morpheme-segmentation lexicon of Persian words and present an algorithm that builds a morphological network using this segmented lexicon. The resulting network captures both derivational and inflectional relations. The algorithm for inducing the network approximates the distinction between root morphemes and affixes using the number of morpheme occurrences in the lexicon. We evaluate the quality (in the sense of linguistic correctness) of the resulting network empirically and compare it to the quality of a network generated in a setup based on manually distinguished non-root morphemes. In the second phase of this work, we evaluated various strategies to add new words (unprocessed in the segmented lexicon) into an existing morphological network automatically. For this purpose, we created primary morphological networks based on two initial data: a manually segmented lexicon and an automatically segmented lexicon created by unsupervised MORFESSOR. The;lexicon:segmented:morpheme:persian:network:morphological:building;https://ufal.mff.cuni.cz/derimo2019/pdf-files/derimo2019.pdf;;;orjk:11320;Univerzita Karlova / Matematicko-fyzikální fakulta;J;VVS;00216208;Univerzita Karlova;Ovocný trh 560;Praha;11000;CZ;CZ01;CZ010;CZ0100;11320;Matematicko-fyzikální fakulta;RIV20-MSM-11320___/01:1;2020-05-27;RIV/00216208:11320/19:10405566!RIV20-MSM-11320___;192224914;Proceedings of the Second International Workshop on Resources and Tools for Derivational Morphology (DeriMo 2019);978-80-88132-08-0;;;;;ÚFAL MFF UK;Praha, Czechia;;;10;91-100;;;;;Praha, Czechia;2019-09-19;;;;WRD;;;;;;;;;I, P (LM2018101), P (EF16_027/0008495), P (LM2015071);;
8;https://www.isvavai.cz/riv?s=jednoduche-vyhledavani&ss=detail&h=RIV%2F00216208%3A11320%2F19%3A10405581%21RIV20-MSM-11320___;RIV/00216208:11320/19:10405581;MSM;Delimiting Adverbial Meanings. A corpus-based comparative study on Czech spatial prepositions and their English equivalents;;Delimiting Adverbial Meanings. A corpus-based comparative study on Czech spatial prepositions and their English equivalents;D;;;eng;-;-;10201;U;2019;S;2;4;4;Mikulová, Marie:Kolářová, Veronika:Panevová, Jarmila:Hajičová, Eva;The data of the Prague Czech-English Dependency Treebank (a member of the family of Prague Dependency Treebanks) have served as a basis for the comparative study of delimiting adverbial meanings of the local relation &quot,within the given place&quot,. The Czech prepositional groups containing the prepositions v, na, and u with the above meaning are compared with their English equivalents, using a more subtle differentiation into three semantic subgroups of &quot,inside&quot,, &quot,on the surface&quot, and &quot,at the given place&quot,. Our analysis confirms that though every language structures the reality in a different way, certain tendencies may be observed in the relation of the forms and their functions that eventually result in a more detailed classification. The contribution presents results of an ongoing work.;The data of the Prague Czech-English Dependency Treebank (a member of the family of Prague Dependency Treebanks) have served as a basis for the comparative study of delimiting adverbial meanings of the local relation &quot,within the given place&quot,. The Czech prepositional groups containing the prepositions v, na, and u with the above meaning are compared with their English equivalents, using a more subtle differentiation into three semantic subgroups of &quot,inside&quot,, &quot,on the surface&quot, and &quot,at the given place&quot,. Our analysis confirms that though every language structures the reality in a different way, certain tendencies may be observed in the relation of the forms and their functions that eventually result in a more detailed classification. The contribution presents results of an ongoing work.;equivalents:english:their:prepositions:spatial:czech:study:comparative:based:corpus:meanings:adverbial:delimiting;https://www.aclweb.org/anthology/W19-7718.pdf;;;orjk:11320;Univerzita Karlova / Matematicko-fyzikální fakulta;J;VVS;00216208;Univerzita Karlova;Ovocný trh 560;Praha;11000;CZ;CZ01;CZ010;CZ0100;11320;Matematicko-fyzikální fakulta;RIV20-MSM-11320___/01:1;2020-05-27;RIV/00216208:11320/19:10405581!RIV20-MSM-11320___;192224927;Proceedings of the Fifth International Conference on Dependency Linguistics (Depling, Syntaxfest 2019);978-1-950737-63-5;;;;;Association for Computational Linguistics;Paris, France;;;7;153-159;;;;;Paris, France;2019-08-27;;;;WRD;;;;;;;;;I, P (LM2015071), P (LM2018101);;
9;https://www.isvavai.cz/riv?s=jednoduche-vyhledavani&ss=detail&h=RIV%2F00216208%3A11320%2F19%3A10405614%21RIV20-MSM-11320___;RIV/00216208:11320/19:10405614;MSM;DeriNet 2.0: Towards an All-in-One Word-Formation Resource;;DeriNet 2.0: Towards an All-in-One Word-Formation Resource;D;;;eng;-;-;10201;U;2019;S;2;4;4;Vidra, Jonáš:Žabokrtský, Zdeněk:Ševčíková, Magda:Kyjánek, Lukáš;DeriNet is a large linguistic resource containing over 1 million lexemes of Czech connected by almost 810 thousand links that correspond to derivational relations. In the previous version, DeriNet 1.7, it only contained very sparse annotations of features other than derivations - it listed the lemma and part-of-speech category of each lexeme and since version 1.5, a true/false flag with lexemes created by compounding. The paper presents an extended version of this network, labelled DeriNet 2.0, which adds a number of features, namely annotation of morphological categories (aspect, gender and animacy) with all lexemes in the database, identification of root morphemes in 250 thousand lexemes, annotation of five semantic labels (diminutive, possessive, female, iterative, and aspect) with 150 thousand derivational relations, a pilot annotation of parents of compounds, and another pilot annotation of so-called fictitious lexemes, which connect related derivational families without a common synchronous pare;DeriNet is a large linguistic resource containing over 1 million lexemes of Czech connected by almost 810 thousand links that correspond to derivational relations. In the previous version, DeriNet 1.7, it only contained very sparse annotations of features other than derivations - it listed the lemma and part-of-speech category of each lexeme and since version 1.5, a true/false flag with lexemes created by compounding. The paper presents an extended version of this network, labelled DeriNet 2.0, which adds a number of features, namely annotation of morphological categories (aspect, gender and animacy) with all lexemes in the database, identification of root morphemes in 250 thousand lexemes, annotation of five semantic labels (diminutive, possessive, female, iterative, and aspect) with 150 thousand derivational relations, a pilot annotation of parents of compounds, and another pilot annotation of so-called fictitious lexemes, which connect related derivational families without a common synchronous pare;resource:formation:word:towards:derinet;https://ufal.mff.cuni.cz/derimo2019/pdf-files/derimo2019.pdf;;;orjk:11320;Univerzita Karlova / Matematicko-fyzikální fakulta;J;VVS;00216208;Univerzita Karlova;Ovocný trh 560;Praha;11000;CZ;CZ01;CZ010;CZ0100;11320;Matematicko-fyzikální fakulta;RIV20-MSM-11320___/01:1;2020-05-27;RIV/00216208:11320/19:10405614!RIV20-MSM-11320___;192224951;Proceedings of the Second International Workshop on Resources and Tools for Derivational Morphology (DeriMo 2019);978-80-88132-08-0;;;;;ÚFAL MFF UK;Praha, Czechia;;;9;81-89;;;;;Praha, Czechia;2019-09-19;;;;WRD;;;;;;;;;I, S, P (LM2015071), P (LM2018101);;
10;https://www.isvavai.cz/riv?s=jednoduche-vyhledavani&ss=detail&h=RIV%2F67985963%3A_____%2F19%3A00523193%21RIV20-MSM-67985963;RIV/67985963:_____/19:00523193;MSM;Historická bibliografie o Ringhofferech;Historická bibliografie o Ringhofferech;Historical Bibliography on the Ringhoffer Family;C;;;cze;-;-;60101;U;2019;S;1;1;1;Horčáková, Václava;Tento příspěvek představuje přehled literatury týkající se podnikatelské rodiny Ringhofferů, která byla publikována od začátku dvacátého století po současnost.;This contribution presents an overview of literature on the industrialist family of Ringhoffers that was published from the beginning of the twentieth century until the present day.;Historical Bibliography:Ringhoffer Family:Tatra factory;;;;ico:67985963;Historický ústav AV ČR, v. v. i.;I;VVI;67985963;Historický ústav AV ČR, v. v. i.;Prosecká 809;Praha;19000;CZ;CZ01;CZ010;CZ0100;;;RIV20-MSM-67985963/01:1;2020-05-04;RIV/67985963:_____/19:00523193!RIV20-MSM-67985963;192157357;Fenomén Ringhoffer : rodina, podnikání, politika;978-80-7037-303-3;;;;;Národní technické muzeum;Praha;;570;5;12-16;;;;;;;;;;;;;;;;;;;P (LM2018101);;
11;https://www.isvavai.cz/riv?s=jednoduche-vyhledavani&ss=detail&h=RIV%2F00216208%3A11320%2F19%3A10405534%21RIV20-MSM-11320___;RIV/00216208:11320/19:10405534;MSM;Introducing Semantic Labels into the DeriNet Network;;Introducing Semantic Labels into the DeriNet Network;J;J/B;Jsc;eng;-;-;10201;U;2019;S;2;2;2;Ševčíková, Magda:Kyjánek, Lukáš;The paper describes a semi-automatic procedure introducing semantic labels into the DeriNet network, which is a large, freely available resource modelling derivational relations in the lexicon of Czech. The data were assigned labels corresponding to five semantic categories (diminutives, possessives, female nouns, iteratives, and aspectual meanings) by a machine learning model, which achieved excellent results in terms of both precision and recall.;The paper describes a semi-automatic procedure introducing semantic labels into the DeriNet network, which is a large, freely available resource modelling derivational relations in the lexicon of Czech. The data were assigned labels corresponding to five semantic categories (diminutives, possessives, female nouns, iteratives, and aspectual meanings) by a machine learning model, which achieved excellent results in terms of both precision and recall.;network:derinet:into:labels:semantic:introducing;https://verso.is.cuni.cz/pub/verso.fpl?fname=obd_publikace_handle&handle=jYVgxf.1oZ;;10.2478/jazcas-2019-0070;orjk:11320;Univerzita Karlova / Matematicko-fyzikální fakulta;J;VVS;00216208;Univerzita Karlova;Ovocný trh 560;Praha;11000;CZ;CZ01;CZ010;CZ0100;11320;Matematicko-fyzikální fakulta;RIV20-MSM-11320___/01:1;2020-05-27;RIV/00216208:11320/19:10405534!RIV20-MSM-11320___;192224890;Jazykovedny Casopis;;0021-5597;;70;2;Jazykovedny Casopis;;SK;;12;412-423;;2-s2.0-85078169484;A;;;;;;;;;;;;;;;;S, P (LM2015071), P (LM2018101);;
12;https://www.isvavai.cz/riv?s=jednoduche-vyhledavani&ss=detail&h=RIV%2F00216208%3A11320%2F19%3A10405514%21RIV20-MSM-11320___;RIV/00216208:11320/19:10405514;MSM;Modifications of the Czech morphological dictionary for consistent corpus annotation;;Modifications of the Czech morphological dictionary for consistent corpus annotation;J;J/B;Jsc;eng;-;-;10201;U;2019;S;2;4;4;Hlaváčová, Jaroslava:Mikulová, Marie:Štěpánková, Barbora:Hajič, Jan;We describe systematic changes that have been made to the Czech morphological dictionary related to annotating new data within the project of Prague Dependency Treebank (PDT). We bring new solutions to several complicated morphological features that occur in Czech texts. We introduced two new parts of speech, namely foreign word and segment. We adopted new principles for morphological analysis of global and inflectional variants, homonymous lemmas, abbreviations and aggregates. The changes were initiated by the need of consistency between the data and the dictionary and of the dictionary itself.;We describe systematic changes that have been made to the Czech morphological dictionary related to annotating new data within the project of Prague Dependency Treebank (PDT). We bring new solutions to several complicated morphological features that occur in Czech texts. We introduced two new parts of speech, namely foreign word and segment. We adopted new principles for morphological analysis of global and inflectional variants, homonymous lemmas, abbreviations and aggregates. The changes were initiated by the need of consistency between the data and the dictionary and of the dictionary itself.;annotation:corpus:consistent:dictionary:morphological:czech:modifications;https://verso.is.cuni.cz/pub/verso.fpl?fname=obd_publikace_handle&handle=SUl5F13_6q;;10.2478/jazcas-2019-0067;orjk:11320;Univerzita Karlova / Matematicko-fyzikální fakulta;J;VVS;00216208;Univerzita Karlova;Ovocný trh 560;Praha;11000;CZ;CZ01;CZ010;CZ0100;11320;Matematicko-fyzikální fakulta;RIV20-MSM-11320___/01:1;2020-05-27;RIV/00216208:11320/19:10405514!RIV20-MSM-11320___;192224877;Jazykovedny Casopis;;0021-5597;;70;2;Jazykovedny Casopis;;SK;;10;380-389;;2-s2.0-85078085582;A;;;;;;;;;;;;;;;;I, P (LM2015071), P (LM2018101);;
13;https://www.isvavai.cz/riv?s=jednoduche-vyhledavani&ss=detail&h=RIV%2F00216208%3A11320%2F19%3A10405545%21RIV20-MSM-11320___;RIV/00216208:11320/19:10405545;MSM;On the Temporality of Adaptive Built Environments;;On the Temporality of Adaptive Built Environments;C;;;eng;-;-;10201;U;2019;S;1;4;1;Alavi, Hamed:Verma, Himanshu:Mlynář, Jakub:Lalanne, Denis;Recognizing the relation between inhabitants and their built environments as a feedback loop, our aim is to capture the temporality of this loop in various scenarios of adaptation. We specifically focus on the emerging types of adaptation that are motivated by digitally acquired personal data, leading to either automation or action taken by the building stakeholders. Between the microscopic daily mutations (e.g. automated adaptation to occupants&apos, presence or activity) and the macroscopic evolution of built environments, we identify a &quot,mesoscopic&quot, scale and argue for broadening its consideration in the research domain of adaptive built environments. In mesoscopic adaptations, inhabitants&apos, data undergo a process of thorough analysis and scrutiny, the results of which inform the re-envisioning of building design for its next cycles over the course of months-years. This contribution distinguishes and elaborates on four temporal scales of adaptation (minutes-hours, days-weeks, months-years, decades-centuri;Recognizing the relation between inhabitants and their built environments as a feedback loop, our aim is to capture the temporality of this loop in various scenarios of adaptation. We specifically focus on the emerging types of adaptation that are motivated by digitally acquired personal data, leading to either automation or action taken by the building stakeholders. Between the microscopic daily mutations (e.g. automated adaptation to occupants&apos, presence or activity) and the macroscopic evolution of built environments, we identify a &quot,mesoscopic&quot, scale and argue for broadening its consideration in the research domain of adaptive built environments. In mesoscopic adaptations, inhabitants&apos, data undergo a process of thorough analysis and scrutiny, the results of which inform the re-envisioning of building design for its next cycles over the course of months-years. This contribution distinguishes and elaborates on four temporal scales of adaptation (minutes-hours, days-weeks, months-years, decades-centuri;environments:built:adaptive:temporality;https://link.springer.com/chapter/10.1007/978-3-319-70875-1_2;;10.1007/978-3-319-70875-1_2;orjk:11320;Univerzita Karlova / Matematicko-fyzikální fakulta;J;VVS;00216208;Univerzita Karlova;Ovocný trh 560;Praha;11000;CZ;CZ01;CZ010;CZ0100;11320;Matematicko-fyzikální fakulta;RIV20-MSM-11320___/01:1;2020-05-27;RIV/00216208:11320/19:10405545!RIV20-MSM-11320___;192224898;People, Personal Data and the Built Environment;978-3-319-70874-4;;;;;Springer Nature;Cham, Switzerland;;229;28;13-40;;;;;;;;;;;;;;;;;;;P (LM2018101);;
14;https://www.isvavai.cz/riv?s=jednoduche-vyhledavani&ss=detail&h=RIV%2F00216208%3A11320%2F19%3A10405531%21RIV20-MSM-11320___;RIV/00216208:11320/19:10405531;MSM;On the Valency of Various Types of Adverbs and Its Lexicographic Description;;On the Valency of Various Types of Adverbs and Its Lexicographic Description;J;J/B;Jsc;eng;-;-;60203;U;2019;S;1;2;1;Sláma, Jakub:Štěpánková, Barbora;This paper deals with the neglected issue of the valency of adverbs. After providing a brief theoretical background, a procedure is presented of extracting the list of potentially valent adverbs from two syntactically parsed corpora of Czech, SYN2015 and PDT. Taking note of the methodological and theoretical problems surrounding this task, especially those relating to the fuzzy boundaries of word classes, we outline the types of adverbs identified as having valency properties. Where appropriate, we comment on - and occasionally suggest improvements in - the lexicographic treatment of valent adverbs.;This paper deals with the neglected issue of the valency of adverbs. After providing a brief theoretical background, a procedure is presented of extracting the list of potentially valent adverbs from two syntactically parsed corpora of Czech, SYN2015 and PDT. Taking note of the methodological and theoretical problems surrounding this task, especially those relating to the fuzzy boundaries of word classes, we outline the types of adverbs identified as having valency properties. Where appropriate, we comment on - and occasionally suggest improvements in - the lexicographic treatment of valent adverbs.;Czech:syntactically parsed corpora:dictionary:valency:adverbs;https://verso.is.cuni.cz/pub/verso.fpl?fname=obd_publikace_handle&handle=l_8ZF660Mh;;10.2478/jazcas-2019-0047;orjk:11320;Univerzita Karlova / Matematicko-fyzikální fakulta;J;VVS;00216208;Univerzita Karlova;Ovocný trh 560;Praha;11000;CZ;CZ01;CZ010;CZ0100;11320;Matematicko-fyzikální fakulta;RIV20-MSM-11320___/01:1;2020-05-27;RIV/00216208:11320/19:10405531!RIV20-MSM-11320___;192224887;Jazykovedný časopis (Philological Journal) [online];;1338-4287;;70;2;Jazykovedný časopis (Philological Journal) [online];;SK;;12;158-169;;2-s2.0-85078012944;A;;;;;;;;;;;;;;;;P (LM2018101), P (LM2015071);;
15;https://www.isvavai.cz/riv?s=jednoduche-vyhledavani&ss=detail&h=RIV%2F00216224%3A14210%2F19%3A00113455%21RIV20-MSM-14210___;RIV/00216224:14210/19:00113455;MSM;Průvodce repozitářem vědeckých dat pro humanitní obory LINDAT/CLARIAH-CZ;Průvodce repozitářem vědeckých dat pro humanitní obory LINDAT/CLARIAH-CZ;Guide to the repository of research data for humanities LINDAT/CLARIAH-CZ;O;;;cze;-;-;60203;U;2019;S;1;2;2;Lorenz, Michal:Martinková, Pavla;LINDAT/CLARIAH-CZ je český uzel panevropské sítě poskytující svobodný přístup k digitalizovaným zdrojům a datům z oblasti umění a humanitních věd, zpřístupňovaných 11 předními výzkumnými organizacemi ČR. Repozitář LINDAT/CLARIAH-CZ slouží jako zdroj datových sad a portál k informačním artefaktům a digitálním zdrojům z různých vzdálených výzkumných platforem. Poskytuje také přístup k řadě softwarových nástrojů a služeb vytvářených pro potřeby vědců věnujících se digitálnímu výzkumu a pro potřeby pedagogů a studentů Digital Humanities. Využíván je také v průmyslu a v neposlední řadě rovněž širokou veřejností. Na workshopu, který vznikl ve spolupráci s Centrem informačních technologií FF MU, bude představeno vyhledávání a další možnosti, které poskytuje ústřední repozitář LINDAT/CLARIAH-CZ. Workshop bude probíhat v počítačové učebně, kde si bude moci každý práci v repozitáři vyzkoušet.;LINDAT / CLARIAH-CZ is a Czech node of the pan-European network providing free access to digitized resources and data from the arts and humanities, made available by 11 leading research organizations in the Czech Republic. The LINDAT / CLARIAH-CZ repository serves as a dataset source and portal for information artifacts and digital resources from various remote research platforms. It also provides access to a range of software tools and services designed for the needs of digital research scientists and for the needs of educators and Digital Humanities students. It is also used in industry and, last but not least, the general public. The workshop, which was created in cooperation with the Center of Information Technologies, will present the search and other possibilities provided by the central repository LINDAT / CLARIAH-CZ. The workshop will take place in a computer lab, where everyone will be able to try out any work in the repository.;linguistic data:research data:repository:LINDAT/CLARIAH-CZ;https://tydenhumanitnichved.cz/kalendar/pruvodce-repozitarem-vedeckych-dat-pro-humanitni-obory-lindatclariah-cz;;;orjk:14210;Masarykova univerzita / Filozofická fakulta;J;VVS;00216224;Masarykova univerzita;Žerotínovo náměstí 617;Brno;60200;CZ;CZ06;CZ064;CZ0642;14210;Filozofická fakulta;RIV20-MSM-14210___/01:2;2020-05-31;RIV/00216224:14210/19:00113455!RIV20-MSM-14210___;192233404;;;;;;;;;;;;;;;;;;;;;;;;;;;;;;;P (LM2018101);;
16;https://www.isvavai.cz/riv?s=jednoduche-vyhledavani&ss=detail&h=RIV%2F67985963%3A_____%2F19%3A00511025%21RIV20-MSM-67985963;RIV/67985963:_____/19:00511025;MSM;Setkání uživatelů knihovnických systémů firmy KP-SYS;Setkání uživatelů knihovnických systémů firmy KP-SYS;Meeting of the users of library systems of KP-SYS company;W;;;cze;-;-;60101;U;2019;S;1;4;4;Hanelová, Věra:Horčáková, Václava:Marková, Markéta:Rexová, Kristina;Workshop představil knihovny Národního archivu, Archivu hl. města Prahy a Státního oblastního archivu v Praze. Dále se věnoval novinkám v knihovnickém systému Verbis a Portaro.;The workshop introduced the libraries of the National Archives, the Prague City Archives and the State Regional Archives in Prague. It was also devoted to news in the Verbis and Portaro library system.;software:libraries:cataloguing;;;;ico:67985963;Historický ústav AV ČR, v. v. i.;I;VVI;67985963;Historický ústav AV ČR, v. v. i.;Prosecká 809;Praha;19000;CZ;CZ01;CZ010;CZ0100;;;RIV20-MSM-67985963/01:1;2020-05-04;RIV/67985963:_____/19:00511025!RIV20-MSM-67985963;192157353;;;;;;;;;;;;;;;;;Praha;2019-11-13;2019-11-13;98;2;EUR;CZ;;;;;;;;P (LM2018101);;
17;https://www.isvavai.cz/riv?s=jednoduche-vyhledavani&ss=detail&h=RIV%2F00216208%3A11320%2F19%3A10405526%21RIV20-MSM-11320___;RIV/00216208:11320/19:10405526;MSM;Subkategorizace adverbiálních významů (hranice mezi obsahem a významem);Subkategorizace adverbiálních významů (hranice mezi obsahem a významem);Subcategorization of adverbial meanings (boundary between cognitive content and linguistic meaning);J;J/C;Jost;cze;-;-;10201;U;2019;S;2;2;2;Mikulová, Marie:Panevová, Jarmila;Článek je příspěvkem k diskusi o hranici mezi kognitivním obsahem a jazykovým významem. V příspěvku se na příkladu určování repertoáru adverbiálních významů probírají praktické důsledky rozlišování mezi obsahem a významem. Je popsána metodologie práce při určování adverbiálních významů, zejména princip zaměnitelnosti synonym. Teroretickým východiskem je Funkční generativní popis.;The necessity to distinguish between cognitive content and linguistic meaning arose in European structural linguistics (Saussere, 1916) and was further elaborated in the Prague Linguistic Circle (Mathesius, 1942, Dokulil - Daneš, 1958, Daneš, 1974). In the contribution, we describe the practical aspects of applying the principle of distinguishing meaning and content to the task of delimitation of adverbial meanings, expressed by prepositional groups. We present methodology and main principles we work with in completing the set of meanings of adverbials. We describe how we use the principle of substitutability of synonyms. All the examples in the contribution relate to spatial adverbials but the principles apply to adverbials in general. Our theoretical framework is Functional Generative Description (Sgall et al., 1986).;meaning:linguistic:content:cognitive:between:boundary:meanings:adverbial:subcategorization;https://verso.is.cuni.cz/pub/verso.fpl?fname=obd_publikace_handle&handle=WjA38yuiGX;;;orjk:11320;Univerzita Karlova / Matematicko-fyzikální fakulta;J;VVS;00216208;Univerzita Karlova;Ovocný trh 560;Praha;11000;CZ;CZ01;CZ010;CZ0100;11320;Matematicko-fyzikální fakulta;RIV20-MSM-11320___/01:1;2020-05-27;RIV/00216208:11320/19:10405526!RIV20-MSM-11320___;192224883;Korpus - gramatika - axiologie;;1804-137X;;Neuveden;20;Korpus - gramatika - axiologie;;CZ;;14;33-46;;;C;;;;;;;;;;;;;;;;P (LM2018101), P (LM2015071);;
18;https://www.isvavai.cz/riv?s=jednoduche-vyhledavani&ss=detail&h=RIV%2F00216208%3A11320%2F19%3A10405556%21RIV20-MSM-11320___;RIV/00216208:11320/19:10405556;MSM;Supervised Morphological Segmentation Using Rich Annotated Lexicon;;Supervised Morphological Segmentation Using Rich Annotated Lexicon;D;;;eng;-;-;10201;U;2019;S;2;5;3;Ansari, Ebrahim:Žabokrtský, Zdeněk:Mahmoudi, Mohammad:Haghdoost, Hamid:Vidra, Jonáš;Morphological segmentation of words is the process of dividing a word into smaller units called morphemes, it is tricky especially when a morphologically rich or polysynthetic language is under question. In this work, we designed and evaluated several Recurrent Neural Network (RNN) based models as well as various other machine learning based approaches for the morphological segmentation task. We trained our models using annotated segmentation lexicons. To evaluate the effect of the training data size on our models, we decided to create a large hand-annotated morphologically segmented corpus of Persian words, which is, to the best of our knowledge, the first and the only segmentation lexicon for the Persian language. In the experimental phase, using the hand-annotated Persian lexicon and two smaller similar lexicons for Czech and Finnish languages, we evaluated the effect of the training data size, different hyper-parameters settings as well as different RNN-based models.;Morphological segmentation of words is the process of dividing a word into smaller units called morphemes, it is tricky especially when a morphologically rich or polysynthetic language is under question. In this work, we designed and evaluated several Recurrent Neural Network (RNN) based models as well as various other machine learning based approaches for the morphological segmentation task. We trained our models using annotated segmentation lexicons. To evaluate the effect of the training data size on our models, we decided to create a large hand-annotated morphologically segmented corpus of Persian words, which is, to the best of our knowledge, the first and the only segmentation lexicon for the Persian language. In the experimental phase, using the hand-annotated Persian lexicon and two smaller similar lexicons for Czech and Finnish languages, we evaluated the effect of the training data size, different hyper-parameters settings as well as different RNN-based models.;lexicon:annotated:rich:using:segmentation:morphological:supervised;http://lml.bas.bg/ranlp2019/proceedings-ranlp-2019.pdf;;;orjk:11320;Univerzita Karlova / Matematicko-fyzikální fakulta;J;VVS;00216208;Univerzita Karlova;Ovocný trh 560;Praha;11000;CZ;CZ01;CZ010;CZ0100;11320;Matematicko-fyzikální fakulta;RIV20-MSM-11320___/01:1;2020-05-27;RIV/00216208:11320/19:10405556!RIV20-MSM-11320___;192224905;International Conference &quot,Recent Advances in Natural Language Processing&quot,;978-954-452-055-7;1313-8502;;;;INCOMA Ltd.;Varna, Bulgaria;;;10;52-61;;;;;Varna, Bulgaria;2019-09-02;;;;WRD;;;;;;;;;I, S, P (LM2015071), P (LM2018101), P (EF16_027/0008495);;
19;https://www.isvavai.cz/riv?s=jednoduche-vyhledavani&ss=detail&h=RIV%2F00216208%3A11320%2F19%3A10405642%21RIV20-MSM-11320___;RIV/00216208:11320/19:10405642;MSM;SynSemClass 1.0;;SynSemClass 1.0;R;;;eng;-;-;10201;U;2019;S;2;4;4;Urešová, Zdeňka:Fučíková, Eva:Hajičová, Eva:Hajič, Jan;The SynSemClass synonym verb lexicon is a result of a project investigating semantic &apos,equivalence&apos, of verb senses and their valency behavior in parallel Czech-English language resources, i.e., relating verb meanings with respect to contextually-based verb synonymy. The lexicon entries are linked to PDT-Vallex (http://hdl.handle.net/11858/00-097C-0000-0023-4338-F), EngVallex (http://hdl.handle.net/11858/00-097C-0000-0023-4337-2), CzEngVallex (http://hdl.handle.net/11234/1-1512), FrameNet (https://framenet.icsi.berkeley.edu/fndrupal/), VerbNet (http://verbs.colorado.edu/verbnet/index.html), PropBank (http://verbs.colorado.edu/%7Empalmer/projects/ace.html), Ontonotes (http://verbs.colorado.edu/html_groupings/), and English Wordnet (https://wordnet.princeton.edu/). Part of the dataset are files reflecting interannotator agreement.;The SynSemClass synonym verb lexicon is a result of a project investigating semantic &apos,equivalence&apos, of verb senses and their valency behavior in parallel Czech-English language resources, i.e., relating verb meanings with respect to contextually-based verb synonymy. The lexicon entries are linked to PDT-Vallex (http://hdl.handle.net/11858/00-097C-0000-0023-4338-F), EngVallex (http://hdl.handle.net/11858/00-097C-0000-0023-4337-2), CzEngVallex (http://hdl.handle.net/11234/1-1512), FrameNet (https://framenet.icsi.berkeley.edu/fndrupal/), VerbNet (http://verbs.colorado.edu/verbnet/index.html), PropBank (http://verbs.colorado.edu/%7Empalmer/projects/ace.html), Ontonotes (http://verbs.colorado.edu/html_groupings/), and English Wordnet (https://wordnet.princeton.edu/). Part of the dataset are files reflecting interannotator agreement.;based:contextually:respect:with:meanings:verb:relating:resources:language:english:czech:parallel:behavior:valency:their:senses:verb:equivalence:semantic:investigating:project:result:lexicon:verb:synonym:synsemclass:synsemclass;https://ufal.mff.cuni.cz/synsemclass;;;orjk:11320;Univerzita Karlova / Matematicko-fyzikální fakulta;J;VVS;00216208;Univerzita Karlova;Ovocný trh 560;Praha;11000;CZ;CZ01;CZ010;CZ0100;11320;Matematicko-fyzikální fakulta;RIV20-MSM-11320___/01:1;2020-05-27;RIV/00216208:11320/19:10405642!RIV20-MSM-11320___;192224970;;;;;;;;;;;;;;;;;;;;;;;;Univerzita Karlova;N;[http://hdl.handle.net/11234/1-3;Výsledek volně dostupný na adrese https://ufal.mff.cuni.cz/synsemclass.;1000000;00216208;;I, P (LM2018101);;
20;https://www.isvavai.cz/riv?s=jednoduche-vyhledavani&ss=detail&h=RIV%2F00216224%3A14210%2F19%3A00113394%21RIV20-MSM-14210___;RIV/00216224:14210/19:00113394;MSM;Towards research infrastructure: data cultures and research platforms;;Towards research infrastructure: data cultures and research platforms;O;;;eng;-;-;50803;U;2019;S;1;2;2;Lorenz, Michal:Martinková, Pavla;<br /> Purpose<br /> Preparing local node of LINDAT/CLARIAH-CZ research e-infrastructure for arts and humanities, we needed to identify all digital research platforms existing at the Faculty of Arts of Masaryk University (FA MUNI) and to select those that are suitable for engagement from the beginning. Because scientific data and data cultures are building blocks of research e-infrastructure (Edwards – Jackson – Bowker – Knobel, 2007), we needed to find out what data formats and metadata are produced and collected in digital platforms, and what is the data culture of the workplaces that create them. In accordance with Human Centered Design principles, we were also interested in the needs of the “web of users” (Millerand – Baker, 2010).<br />     <br /> Design<br /> The survey of the digital platforms was carried out by a questionnaire distributed to the heads of the departments. If the questionnaire was not filled in even after a repeated call, we contacted the head of the department by phone and the necessary data was collected by phone interview. As a result, 24 departments participated in the research, operating or developing a total of 50 digital research platforms. In order to decide which research platforms are ready and suitable for involvement in the research infrastructure we grouped them by their purpose and each category was evaluated. We conducted semi-structured interviews with managers and developers of research platforms that were evaluated as potentially suitable for integration into the e-infrastructure.<br />     <br /> Findings and originality<br /> We have identified six categories of digital research platforms: (a) bibliographic databases, (b) digital libraries (textual, multi-medial), (c) geographic information systems, (d) reference materials (encyclopaedias, dictionaries including explanatory), (e) research data collections, (f) language corpora. The results of semi-structured interviews with managers and developers showed their needs, common themes in motivation, but also different approaches to data, such as willingness to open the content of the platforms or to solve questions concerning long-term preservation of scientific data. The paper captures the state of research infrastructure at the moment of its formation in one local node and the impact of data culture on the infrastructuring of digital research platforms.;<br /> Purpose<br /> Preparing local node of LINDAT/CLARIAH-CZ research e-infrastructure for arts and humanities, we needed to identify all digital research platforms existing at the Faculty of Arts of Masaryk University (FA MUNI) and to select those that are suitable for engagement from the beginning. Because scientific data and data cultures are building blocks of research e-infrastructure (Edwards – Jackson – Bowker – Knobel, 2007), we needed to find out what data formats and metadata are produced and collected in digital platforms, and what is the data culture of the workplaces that create them. In accordance with Human Centered Design principles, we were also interested in the needs of the “web of users” (Millerand – Baker, 2010).<br />     <br /> Design<br /> The survey of the digital platforms was carried out by a questionnaire distributed to the heads of the departments. If the questionnaire was not filled in even after a repeated call, we contacted the head of the department by phone and the necessary data was collected by phone interview. As a result, 24 departments participated in the research, operating or developing a total of 50 digital research platforms. In order to decide which research platforms are ready and suitable for involvement in the research infrastructure we grouped them by their purpose and each category was evaluated. We conducted semi-structured interviews with managers and developers of research platforms that were evaluated as potentially suitable for integration into the e-infrastructure.<br />     <br /> Findings and originality<br /> We have identified six categories of digital research platforms: (a) bibliographic databases, (b) digital libraries (textual, multi-medial), (c) geographic information systems, (d) reference materials (encyclopaedias, dictionaries including explanatory), (e) research data collections, (f) language corpora. The results of semi-structured interviews with managers and developers showed their needs, common themes in motivation, but also different approaches to data, such as willingness to open the content of the platforms or to solve questions concerning long-term preservation of scientific data. The paper captures the state of research infrastructure at the moment of its formation in one local node and the impact of data culture on the infrastructuring of digital research platforms.;LINDAT/CLARIAH-CZ infrastructure:survey of research platforms and collections:interviews:clash of data cultures;https://fphil.uniba.sk/fileadmin/fif/katedry_pracoviska/kkiv/Konferencie/book_of_abstracts_a5_2019_web_interactive.pdf;;;orjk:14210;Masarykova univerzita / Filozofická fakulta;J;VVS;00216224;Masarykova univerzita;Žerotínovo náměstí 617;Brno;60200;CZ;CZ06;CZ064;CZ0642;14210;Filozofická fakulta;RIV20-MSM-14210___/01:2;2020-05-31;RIV/00216224:14210/19:00113394!RIV20-MSM-14210___;192233402;;;;;;;;;;;;;;;;;;;;;;;;;;;;;;;P (LM2018101);;
21;https://www.isvavai.cz/riv?s=jednoduche-vyhledavani&ss=detail&h=RIV%2F00216208%3A11320%2F19%3A10405576%21RIV20-MSM-11320___;RIV/00216208:11320/19:10405576;MSM;Universal Derivations Kickoff: A Collection of Harmonized Derivational Resources for Eleven Languages;;Universal Derivations Kickoff: A Collection of Harmonized Derivational Resources for Eleven Languages;D;;;eng;-;-;10201;U;2019;S;2;4;4;Kyjánek, Lukáš:Žabokrtský, Zdeněk:Ševčíková, Magda:Vidra, Jonáš;The aim of this paper is to open a discussion on harmonization of existing data resources related to derivational morphology. We present a newly assembled collection of eleven harmonized resources named &quot,Universal Derivations&quot, (clearly being inspired by the success story of the Universal Dependencies initiative in treebanking), as well as the harmonization process that brings the individual resources under a unified annotation scheme.;The aim of this paper is to open a discussion on harmonization of existing data resources related to derivational morphology. We present a newly assembled collection of eleven harmonized resources named &quot,Universal Derivations&quot, (clearly being inspired by the success story of the Universal Dependencies initiative in treebanking), as well as the harmonization process that brings the individual resources under a unified annotation scheme.;languages:eleven:resources:derivational:harmonized:collection:kickoff:derivations:universal;https://ufal.mff.cuni.cz/derimo2019/pdf-files/derimo2019.pdf;;;orjk:11320;Univerzita Karlova / Matematicko-fyzikální fakulta;J;VVS;00216208;Univerzita Karlova;Ovocný trh 560;Praha;11000;CZ;CZ01;CZ010;CZ0100;11320;Matematicko-fyzikální fakulta;RIV20-MSM-11320___/01:1;2020-05-27;RIV/00216208:11320/19:10405576!RIV20-MSM-11320___;192224923;Proceedings of the Second International Workshop on Resources and Tools for Derivational Morphology (DeriMo 2019);978-80-88132-08-0;;;;;ÚFAL MFF UK;Praha, Czechia;;;10;101-110;;;;;Praha, Czechia;2019-09-19;;;;WRD;;;;;;;;;I, S, P (LM2015071), P (LM2018101);;
22;https://www.isvavai.cz/riv?s=jednoduche-vyhledavani&ss=detail&h=RIV%2F00216208%3A11320%2F19%3A10405624%21RIV20-MSM-11320___;RIV/00216208:11320/19:10405624;MSM;Universal Derivations v0.5;;Universal Derivations v0.5;R;;;eng;-;-;10201;U;2019;S;2;4;4;Kyjánek, Lukáš:Žabokrtský, Zdeněk:Vidra, Jonáš:Ševčíková, Magda;Universal Derivations (UDer) is a collection of harmonized lexical networks capturing word-formation, especially derivational relations, in a cross-linguistically consistent annotation scheme for many languages. The annotation scheme is based on a rooted tree data structure, in which nodes correspond to lexemes, while edges represent derivational relations or compounding. The current version of the UDer collection contains eleven harmonized resources covering eleven different languages.;Universal Derivations (UDer) is a collection of harmonized lexical networks capturing word-formation, especially derivational relations, in a cross-linguistically consistent annotation scheme for many languages. The annotation scheme is based on a rooted tree data structure, in which nodes correspond to lexemes, while edges represent derivational relations or compounding. The current version of the UDer collection contains eleven harmonized resources covering eleven different languages.;derivations:universal;https://lindat.mff.cuni.cz/repository/xmlui/handle/11234/1-3041;;;orjk:11320;Univerzita Karlova / Matematicko-fyzikální fakulta;J;VVS;00216208;Univerzita Karlova;Ovocný trh 560;Praha;11000;CZ;CZ01;CZ010;CZ0100;11320;Matematicko-fyzikální fakulta;RIV20-MSM-11320___/01:1;2020-05-27;RIV/00216208:11320/19:10405624!RIV20-MSM-11320___;192224959;;;;;;;;;;;;;;;;;;;;;;;;Univerzita Karlova;N;[http://hdl.handle.net/11234/1-3;Výsledek volně dostupný na adrese https://lindat.mff.cuni.cz/repository/xmlui/handle/11234/1-3041.;200000;00216208;;I, S, P (LM2015071), P (LM2018101);;
23;https://www.isvavai.cz/riv?s=jednoduche-vyhledavani&ss=detail&h=RIV%2F00216224%3A14210%2F19%3A00113468%21RIV20-MSM-14210___;RIV/00216224:14210/19:00113468;MSM;Usnadněte si práci : Citace PRO a Zotero;Usnadněte si práci : Citace PRO a Zotero;Simplify your work : CitacePRO and Zotero;O;;;cze;-;-;60500;U;2019;S;1;1;1;Martinková, Pavla;Kurz k citačním softwarům CitacePro a Zotero, realizovaný v rámci cyklu lekcí pro studenty, který zastřešuje Ústřední knihovna FF MU. Lekce nejsou součástí vyučovaného předmětu. Účastníci byli seznámeni s funkcemi obou nástrojů a byly jim představeny další platformy, odkud mohou čerpat informace pro studijní nebo badatelské účely.;CitacePro and Zotero citation software workshop was a part of lecture series for students held by Central library at the Faculty of Arts, MU. Lecturse are not part of university course. Participants became familiar with the function of both of these tools and were also introduced to other platforms from which they can draw information for study or research purposes.;reference management software:bibliographic reference;https://muni.cz/go/9f5682;;;orjk:14210;Masarykova univerzita / Filozofická fakulta;J;VVS;00216224;Masarykova univerzita;Žerotínovo náměstí 617;Brno;60200;CZ;CZ06;CZ064;CZ0642;14210;Filozofická fakulta;RIV20-MSM-14210___/01:2;2020-05-31;RIV/00216224:14210/19:00113468!RIV20-MSM-14210___;192233405;;;;;;;;;;;;;;;;;;;;;;;;;;;;;;;P (LM2018101);;
24;https://www.isvavai.cz/riv?s=jednoduche-vyhledavani&ss=detail&h=RIV%2F00216208%3A11320%2F19%3A10405551%21RIV20-MSM-11320___;RIV/00216208:11320/19:10405551;MSM;Úvahy nad příslovečnými určeními a jejich klasifikací;Úvahy nad příslovečnými určeními a jejich klasifikací;Reflections on adverbials and their classification;O;;;cze;-;-;10201;U;2019;S;2;2;2;Panevová, Jarmila:Mikulová, Marie;Tradiční třídění příslovečných určení na lokální, časová, způsobová a kauzální, s jakými se pracuje v našich syntaxích, a jejich aplikace pro školní výuku jsou pro tyto účely vyhovující. Pro empirické zpracování v rámci Funkčního generativního popis, který slouží mj. i pro úlohy automatického zpracování jazyka (zejména pro strojový překlad, ale v podstatě i pro translatologické problémy spojené s výukou češtiny jako cizího jazyka), se jeví jako potřebná jemnější klasifikace. V kapitole na analýze materiálu vybraných adverbiálních určení a z hlediska problémů, které jejich řešení doprovázejí, navrhujeme způsob jejich zachycení.;The traditional classification of adverbials into local, temporal, modal, and causal, such as those used in our syntaxes, and their applications for schooling are suitable for these purposes. For empirical processing under the Functional Generational Description, which also serves, among other things, the tasks of automatic language processing (especially for machine translation, but essentially for the translatological problems associated with the teaching of Czech as a foreign language), a finer classification seems necessary. On the analysis of the material of selected adverbials and in terms of the problems that accompany their solution, we propose a way of capturing them.;classification:their:adverbials:reflections;;;;orjk:11320;Univerzita Karlova / Matematicko-fyzikální fakulta;J;VVS;00216208;Univerzita Karlova;Ovocný trh 560;Praha;11000;CZ;CZ01;CZ010;CZ0100;11320;Matematicko-fyzikální fakulta;RIV20-MSM-11320___/01:1;2020-05-27;RIV/00216208:11320/19:10405551!RIV20-MSM-11320___;192224903;;;;;;;;;;;;;;;;;;;;;;;;;;;;;;;I, P (LM2015071), P (LM2018101);;
25;https://www.isvavai.cz/riv?s=jednoduche-vyhledavani&ss=detail&h=RIV%2F67985963%3A_____%2F19%3A00509733%21RIV20-MSM-67985963;RIV/67985963:_____/19:00509733;MSM;Výtahy z českých časopisů a sborníků. In: Český časopis historický = The Czech Historical Review. Roč. 117, č. 1 (2019), s. 243-263. ISSN 0862-6111;Výtahy z českých časopisů a sborníků. In: Český časopis historický = The Czech Historical Review. Roč. 117, č. 1 (2019), s. 243-263. ISSN 0862-6111;Summaries of czech journals and collections of works. In: Český časopis historický = The Czech Historical Review. Roč. 117, č. 1 (2019), s. 243-263. ISSN 0862-6111;O;;;cze;-;-;60101;U;2019;S;2;2;2;Rexová, Kristina:Hanelová, Věra;Bibliografie přináší specializovaný výběr ze studií s historickou tematikou nově zveřejněných v odborných českých časopisech a sbornících.;The bibliography contains specialized selection of studies with historical subject recently published in scientific czech journals and periodicals.;bibliography:journals:collections of works:historiography;;;;ico:67985963;Historický ústav AV ČR, v. v. i.;I;VVI;67985963;Historický ústav AV ČR, v. v. i.;Prosecká 809;Praha;19000;CZ;CZ01;CZ010;CZ0100;;;RIV20-MSM-67985963/01:1;2020-05-04;RIV/67985963:_____/19:00509733!RIV20-MSM-67985963;192157350;;;;;;;;;;;;;;;;;;;;;;;;;;;;;;;I, P (LM2018101);;
26;https://www.isvavai.cz/riv?s=jednoduche-vyhledavani&ss=detail&h=RIV%2F67985963%3A_____%2F19%3A00509734%21RIV20-MSM-67985963;RIV/67985963:_____/19:00509734;MSM;Výtahy z českých časopisů a sborníků. In: Český časopis historický = The Czech Historical Review. Roč. 117, č. 2 (2019), s. 499-526. ISSN 0862-6111;Výtahy z českých časopisů a sborníků. In: Český časopis historický = The Czech Historical Review. Roč. 117, č. 2 (2019), s. 499-526. ISSN 0862-6111;Summaries of czech journals and collections of works. In: Český časopis historický = The Czech Historical Review. Roč. 117, č. 2 (2019), s. 499-526. ISSN 0862-6111;O;;;cze;-;-;60101;U;2019;S;2;2;2;Rexová, Kristina:Hanelová, Věra;Bibliografie přináší specializovaný výběr ze studií s historickou tematikou nově zveřejněných v odborných českých časopisech a sbornících.;The bibliography contains specialized selection of studies with historical subject recently published in scientific czech journals and periodicals.;bibliography:journals:collections of works:historiography;;;;ico:67985963;Historický ústav AV ČR, v. v. i.;I;VVI;67985963;Historický ústav AV ČR, v. v. i.;Prosecká 809;Praha;19000;CZ;CZ01;CZ010;CZ0100;;;RIV20-MSM-67985963/01:1;2020-05-04;RIV/67985963:_____/19:00509734!RIV20-MSM-67985963;192157351;;;;;;;;;;;;;;;;;;;;;;;;;;;;;;;I, P (LM2018101);;
27;https://www.isvavai.cz/riv?s=jednoduche-vyhledavani&ss=detail&h=RIV%2F67985963%3A_____%2F19%3A00509735%21RIV20-MSM-67985963;RIV/67985963:_____/19:00509735;MSM;Výtahy z českých časopisů a sborníků. In: Český časopis historický = The Czech Historical Review. Roč. 117, č. 3 (2019), s. 849-863. ISSN 0862-6111;Výtahy z českých časopisů a sborníků. In: Český časopis historický = The Czech Historical Review. Roč. 117, č. 3 (2019), s. 849-863. ISSN 0862-6111;Summaries of czech journals and collections of works. In: Český časopis historický = The Czech Historical Review. Roč. 117, č. 3 (2019), s. 849-863. ISSN 0862-6111;O;;;cze;-;-;60101;U;2019;S;2;2;2;Rexová, Kristina:Hanelová, Věra;Bibliografie přináší specializovaný výběr ze studií s historickou tematikou nově zveřejněných v odborných českých časopisech a sbornících.;The bibliography contains specialized selection of studies with historical subject recently published in scientific czech journals and periodicals.;bibliography:journals:collections of works:historiography;;;;ico:67985963;Historický ústav AV ČR, v. v. i.;I;VVI;67985963;Historický ústav AV ČR, v. v. i.;Prosecká 809;Praha;19000;CZ;CZ01;CZ010;CZ0100;;;RIV20-MSM-67985963/01:1;2020-05-04;RIV/67985963:_____/19:00509735!RIV20-MSM-67985963;192157352;;;;;;;;;;;;;;;;;;;;;;;;;;;;;;;I, P (LM2018101);;
28;https://www.isvavai.cz/riv?s=jednoduche-vyhledavani&ss=detail&h=RIV%2F67985963%3A_____%2F19%3A00522273%21RIV20-MSM-67985963;RIV/67985963:_____/19:00522273;MSM;Výtahy z českých časopisů a sborníků. In: Český časopis historický = The Czech Historical Review. Roč. 117, č. 4 (2019), s. 1121-1137. ISSN 0862-6111;Výtahy z českých časopisů a sborníků. In: Český časopis historický = The Czech Historical Review. Roč. 117, č. 4 (2019), s. 1121-1137. ISSN 0862-6111;Summaries of czech journals and collections of works. In: Český časopis historický = The Czech Historical Review. Roč. 117, č. 4 (2019), s. 1121-1137. ISSN 0862-6111;O;;;cze;-;-;60101;U;2019;S;2;2;2;Rexová, Kristina:Hanelová, Věra;Bibliografie přináší specializovaný výběr ze studií s historickou tematikou nově zveřejněných v odborných českých časopisech a sbornících.;The bibliography contains specialized selection of studies with historical subject recently published in scientific czech journals and periodicals.;bibliography:journals:collections of works:historiography;;;;ico:67985963;Historický ústav AV ČR, v. v. i.;I;VVI;67985963;Historický ústav AV ČR, v. v. i.;Prosecká 809;Praha;19000;CZ;CZ01;CZ010;CZ0100;;;RIV20-MSM-67985963/01:1;2020-05-04;RIV/67985963:_____/19:00522273!RIV20-MSM-67985963;192157356;;;;;;;;;;;;;;;;;;;;;;;;;;;;;;;I, P (LM2018101);;
29;https://www.isvavai.cz/riv?s=jednoduche-vyhledavani&ss=detail&h=RIV%2F00216224%3A14210%2F19%3A00113451%21RIV20-MSM-14210___;RIV/00216224:14210/19:00113451;MSM;World Café na téma digitální humanitní vědy;World Café na téma digitální humanitní vědy;World Café on Digital Humanities;W;;;cze;-;-;60500;U;2019;S;1;2;2;Lorenz, Michal:Martinková, Pavla;Úvodem workshopu byly představeny aktivity projektu, hlavní část programu byla věnována zkoumání potřeb a názorů účastníků. Cílem bylo také zprostředkovat seznámení vědců, kteří se věnují digitálnímu výzkumu nebo vytváření podmínek pro jeho realizaci, a poskytnout podpůrnou síť pro jejich další komunikaci.;At the beginning of the workshop the project activities were presented. The main part of the program was devoted to finding out the needs and opinions of participants. The aim was also to acquaint scientists who are engaged in digital research or create conditions for its realization, and to provide a support network for their further communication.;digital humanities:world café:community;https://it.muni.cz/phil/lindat-clariah/clanky/probehla-spolecna-diskuze-na-tema-digitalni-humanitni-vedy;;;orjk:14210;Masarykova univerzita / Filozofická fakulta;J;VVS;00216224;Masarykova univerzita;Žerotínovo náměstí 617;Brno;60200;CZ;CZ06;CZ064;CZ0642;14210;Filozofická fakulta;RIV20-MSM-14210___/01:2;2020-05-31;RIV/00216224:14210/19:00113451!RIV20-MSM-14210___;192233403;;;;;;;;;;;;;;;;;Brno;2019-09-19;2019-09-19;19;;CST;CZ;;;;;;;;P (LM2018101);;
30;https://www.isvavai.cz/riv?s=jednoduche-vyhledavani&ss=detail&h=RIV%2F00216208%3A11320%2F19%3A10405511%21RIV20-MSM-11320___;RIV/00216208:11320/19:10405511;MSM;Žánrová preference v narativech dětí mladšího školního věku;Žánrová preference v narativech dětí mladšího školního věku;Genre preferences in the narratives of younger school children;J;J/A;Jimp;cze;-;-;10201;U;2019;S;3;2;1;Cinková, Silvie:Náhlíková, Anežka;V této práci prezentujeme analýzu hypotetických preferencí žánru specifických pro žánry u spontánních příběhů v korpusu 286 přepsaných záznamů mladších školních dětí (ve věku 6-11). Vycházíme z Nicolopoulouvé pojetí vyprávění jako symbolické aktivity s tendencemi danými pohlavím: dívky dávají přednost &quot,rodinnému&quot, žánru a chlapci preferují &quot,hrdinně agonistický&quot,. Operacionalizovali jsme žánrovou klasifikaci podle Nikolopoulou do 10 tematických vyprávěcích rysů a zaznamenali jsme jejich příslušnou přítomnost nebo nepřítomnost v každém vyprávění. Kombinace statistických metod na náš vzorek odhalila, že narativní preference spojené s pohlavím jsou tak slabé, že nemají žádné důsledky, např. pro školní praxi. Nejvýznamnější výsledek ve skutečnosti dokonce odporuje apriornímu předpokladu pohlavních narativních preferencí: bez ohledu na věk a pohlaví, děti projevují silnou preferenci &quot,vzájemné pomoci a spolupráce&quot,.;In this paper, we present an analysis of hypothesized sex-specific genre preferences in spontaneous narratives in a corpus of 286 transcribed recordings of younger school children (aged 6-11). We draw upon Nicolopoulou&apos,s conception of narratives as a symbolic activity with sex-specific tendencies: girls prefer the &quot,family&quot, genre and boys prefer the &quot,heroic-agonistic&quot, one. We operationalized Nikolopoulou&apos,s genre classification into 10 thematic narrative features and an-notated their respective presence or absence in each narrative. The application of a combination of statistical methods to our sample revealed that the sex-correlated narrative preferences are so weak that they have no implications, e.g. for school practice. The most prominent result, in fact, even coun-ters the a priori assumption of sex-based narrative preferences: no matter what sex or age, children show a strong preference for &quot,mutual aid and cooperation&quot,.;children:school:younger:narratives:preferences:genre;https://verso.is.cuni.cz/pub/verso.fpl?fname=obd_publikace_handle&handle=GgnF-5EfKs;;;orjk:11320;Univerzita Karlova / Matematicko-fyzikální fakulta;J;VVS;00216208;Univerzita Karlova;Ovocný trh 560;Praha;11000;CZ;CZ01;CZ010;CZ0100;11320;Matematicko-fyzikální fakulta;RIV20-MSM-11320___/01:1;2020-05-27;RIV/00216208:11320/19:10405511!RIV20-MSM-11320___;192224876;Slovo a slovesnost;;0037-7031;;80;3;Slovo a slovesnost;;CZ;;23;192-214;000490006900002;;C;;;;;;;;;;;;;;;;P (LM2018101);;
